brand_name,total_revenue
Trek,4602754.350899985
Electra,1205320.8196000017
Surly,949507.0633000013
Sun Bicycles,341994.9275000002
Haro,185384.5536999999
Heller,171459.07569999993
Pure Cycles,149476.34000000032
Ritchey,78898.94799999999
Strider,4320.478899999999
